-- Active: 1715350134884@@127.0.0.1@3306@mascotas_db
INSERT INTO mascotas_db.usuarios (id_usuario, nombre, apellido, ciudad, direccion, telefono, es_propietario, es_veterinario, es_administrador, email, contrasenna) VALUES
("1", 'Juan', 'Pérez', 'Bogotá', 'Calle 123', '1234567890', 1, 0, 0, 'juan.perez@example.com', 'password1'),
("2", 'Ana', 'García', 'Medellín', 'Avenida 456', '2345678901', 1, 0, 0, 'ana.garcia@example.com', 'password2'),
("3", 'Luis', 'Rodríguez', 'Cali', 'Carrera 789', '3456789012', 0, 1, 0, 'luis.rodriguez@example.com', 'password3'),
("4", 'Maria', 'Lopez', 'Barranquilla', 'Calle 101', '4567890123', 1, 0, 0, 'maria.lopez@example.com', 'password4'),
("5", 'Carlos', 'Martínez', 'Cartagena', 'Avenida 202', '5678901234', 0, 1, 0, 'carlos.martinez@example.com', 'password5'),
("6", 'Sofia', 'Sánchez', 'Bucaramanga', 'Calle 303', '6789012345', 1, 0, 0, 'sofia.sanchez@example.com', 'password6'),
("7", 'Cristian', 'Arrieta', 'Romero', 'Carrera 404', '7890123456', 1, 0, 0, 'cristianarrietar4@gmail.com', 'password7'),
("8", 'Laura', 'Gómez', 'Santa Marta', 'Calle 505', '8901234567', 0, 1, 0, 'laura.gomez@example.com', 'password8'),
("9", 'Andrés', 'Mora', 'Ibagué', 'Avenida 606', '9012345678', 1, 0, 0, 'andres.mora@example.com', 'password9'),
("10", 'Catalina', 'Morales', 'Neiva', 'Calle 707', '0123456789', 1, 0, 0, 'catalina.morales@example.com', 'password10'),
("11", 'Daniel', 'Jiménez', 'Manizales', 'Carrera 808', '1234567890', 0, 1, 0, 'daniel.jimenez@example.com', 'password11'),
("12", 'Camila', 'Reyes', 'Cúcuta', 'Avenida 909', '2345678901', 1, 0, 0, 'camila.reyes@example.com', 'password12'),
("13", 'Alejandro', 'Ríos', 'Sincelejo', 'Calle 1010', '3456789012', 1, 0, 0, 'alejandro.rios@example.com', 'password13'),
("14", 'Valentina', 'Salazar', 'Riohacha', 'Carrera 1111', '4567890123', 1, 0, 0, 'valentina.salazar@example.com', 'password14'),
("15", 'Felipe', 'García', 'Tuluá', 'Avenida 1212', '5678901234', 0, 1, 0, 'felipe.garcia@example.com', 'password15'),
("16", 'Isabella', 'Castro', 'Pasto', 'Calle 1313', '6789012345', 1, 0, 0, 'isabella.castro@example.com', 'password16'),
("17", 'Sebastián', 'Cruz', 'Tunja', 'Carrera 1414', '7890123456', 1, 0, 0, 'sebastian.cruz@example.com', 'password17'),
("18", 'Natalia', 'Vásquez', 'Palmira', 'Avenida 1515', '8901234567', 0, 1, 0, 'natalia.vasquez@example.com', 'password18'),
("19", 'Javier', 'Cordero', 'Villavicencio', 'Calle 1616', '9012345678', 1, 0, 0, 'javier.cordero@example.com', 'password19'),
("20", 'Santiago', 'López', 'Neiva', 'Carrera 1717', '0123456789', 1, 0, 0, 'santiago.lopez@example.com', 'password20'),
("21", 'Daniela', 'Caro', 'Popayán', 'Avenida 1818', '1234567890', 0, 1, 0, 'daniela.caro@example.com', 'password21'),
("22", 'Tomás', 'Arévalo', 'Chiquinquirá', 'Calle 1919', '2345678901', 1, 0, 0, 'tomas.arevalo@example.com', 'password22'),
("23", 'Laura', 'Pinzón', 'Giron', 'Carrera 2020', '3456789012', 1, 0, 0, 'laura.pinzón@example.com', 'password23'),
("24", 'José', 'Chaves', 'Sogamoso', 'Avenida 2121', '4567890123', 1, 0, 0, 'jose.chaves@example.com', 'password24'),
("25", 'Juliana', 'Ortíz', 'La Dorada', 'Calle 2222', '5678901234', 0, 1, 0, 'juliana.ortíz@example.com', 'password25'),
("26", 'Juan Pablo', 'Mendoza', 'Quibdó', 'Carrera 2323', '6789012345', 1, 0, 0, 'juan.pablo.mendoza@example.com', 'password26'),
("27", 'Gabriela', 'García', 'El Bagre', 'Avenida 2424', '7890123456', 1, 0, 0, 'gabriela.garcia@example.com', 'password27'),
("28", 'Ricardo', 'Márquez', 'Guatapé', 'Calle 2525', '8901234567', 0, 1, 0, 'ricardo.marquez@example.com', 'password28'),
("29", 'Sofía', 'Torres', 'Pitalito', 'Carrera 2626', '9012345678', 1, 0, 0, 'sofia.torres@example.com', 'password29'),
("30", 'Alejandra', 'Medina', 'Aguachica', 'Avenida 2727', '0123456789', 1, 0, 0, 'alejandra.medina@example.com', 'password30'),
("31", 'David', 'Montoya', 'La Unión', 'Calle 2828', '1234567890', 0, 1, 0, 'david.montoya@example.com', 'password31'),
("32", 'Claudia', 'Ramírez', 'Yopal', 'Carrera 2929', '2345678901', 1, 0, 0, 'claudia.ramírez@example.com', 'password32'),
("33", 'Héctor', 'Arias', 'San Gil', 'Avenida 3030', '3456789012', 1, 0, 0, 'hector.arias@example.com', 'password33'),
("34", 'Paola', 'Guzmán', 'Montería', 'Calle 3131', '4567890123', 1, 0, 0, 'paola.guzmán@example.com', 'password34'),
("35", 'Emilio', 'García', 'Bello', 'Carrera 3232', '5678901234', 0, 1, 0, 'emilio.garcia@example.com', 'password35'),
("36", 'Nina', 'López', 'Tumaco', 'Avenida 3333', '6789012345', 1, 0, 0, 'nina.lopez@example.com', 'password36'),
("37", 'Luis', 'Alvarado', 'Nariño', 'Calle 3434', '7890123456', 1, 0, 0, 'luis.alvarado@example.com', 'password37'),
("38", 'Daniela', 'Gómez', 'Chía', 'Carrera 3535', '8901234567', 0, 1, 0, 'daniela.gomez@example.com', 'password38'),
("39", 'Germán', 'Serrano', 'Tuluá', 'Avenida 3636', '9012345678', 1, 0, 0, 'german.serrano@example.com', 'password39'),
("40", 'Laura', 'García', 'Cali', 'Calle 3737', '0123456789', 1, 0, 0, 'laura.garcia@example.com', 'password40'),
("41", 'Carlos', 'Rivas', 'Armenia', 'Carrera 3838', '1234567890', 0, 1, 0, 'carlos.rivas@example.com', 'password41'),
("42", 'Julián', 'Pardo', 'Sabaneta', 'Avenida 3939', '2345678901', 1, 0, 0, 'julian.pardo@example.com', 'password42'),
("43", 'Ana María', 'García', 'Pereira', 'Calle 4040', '3456789012', 1, 0, 0, 'ana.maria.garcia@example.com', 'password43'),
("44", 'Miguel Ángel', 'Calle', 'Ibagué', 'Carrera 4141', '4567890123', 1, 0, 0, 'miguel.angel.calle@example.com', 'password44'),
("45", 'Esteban', 'Hurtado', 'Soacha', 'Avenida 4242', '5678901234', 0, 1, 0, 'esteban.hurtado@example.com', 'password45'),
("46", 'Martina', 'Pérez', 'Valledupar', 'Calle 4343', '6789012345', 1, 0, 0, 'martina.perez@example.com', 'password46'),
("47", 'Felipe', 'Salas', 'Montería', 'Avenida 4444', '7890123456', 1, 0, 0, 'felipe.salas@example.com', 'password47'),
("48", 'Valeria', 'Ortíz', 'La Pintada', 'Carrera 4545', '8901234567', 0, 1, 0, 'valeria.ortiz@example.com', 'password48'),
("49", 'Andrés', 'Morales', 'Chocontá', 'Calle 4646', '9012345678', 1, 0, 0, 'andres.morales@example.com', 'password49'),
("50", 'Natalia', 'Serrano', 'Leticia', 'Avenida 4747', '0123456789', 1, 0, 0, 'natalia.serrano@example.com', 'password50'),
("51", 'Jorge', 'Jiménez', 'Magangué', 'Carrera 4848', '1234567890', 0, 1, 0, 'jorge.jimenez@example.com', 'password51'),
("52", 'Camila', 'García', 'San Andrés', 'Calle 4949', '2345678901', 1, 0, 0, 'camila.garcia@example.com', 'password52'),
("53", 'Roberto', 'Núñez', 'Ríohacha', 'Avenida 5050', '3456789012', 1, 0, 0, 'roberto.nunez@example.com', 'password53'),
("54", 'Lucía', 'Valencia', 'Quibdó', 'Carrera 5151', '4567890123', 0, 1, 0, 'lucia.valencia@example.com', 'password54'),
("55", 'Sebastián', 'Rodríguez', 'Cúcuta', 'Calle 5252', '5678901234', 1, 0, 0, 'sebastian.rodriguez@example.com', 'password55'),
("56", 'Alejandra', 'Castro', 'Cali', 'Avenida 5353', '6789012345', 1, 0, 0, 'alejandra.castro@example.com', 'password56'),
("57", 'David', 'Serrano', 'Medellín', 'Carrera 5454', '7890123456', 0, 1, 0, 'david.serrano@example.com', 'password57'),
("58", 'Mariana', 'García', 'Cartagena', 'Calle 5555', '8901234567', 1, 0, 0, 'mariana.garcia@example.com', 'password58'),
("59", 'Daniel', 'Valdés', 'Bucaramanga', 'Avenida 5656', '9012345678', 1, 0, 0, 'daniel.valdes@example.com', 'password59'),
("60", 'Sandra', 'Mendoza', 'Pasto', 'Carrera 5757', '0123456789', 0, 1, 0, 'sandra.mendoza@example.com', 'password60');


INSERT INTO mascotas_db.propietarios (id_usuario, barrio) VALUES
("1", 'Zona Norte'),
("2", 'Centro Histórico'),
("4", 'Sur de la Ciudad'),
("6", 'Bosa'),
("7", 'Chapinería'),
("8", 'El Centro'),
("9", 'Norte'),
("10", 'Las Delicias'),
("11", 'San Andrés'),
("12", 'La Floresta'),
("13", 'Belén'),
("14", 'El Poblado'),
("15", 'La Candelaria'),
("16", 'Malibú'),
("17", 'Vila de Leyva'),
("18", 'Vereda'),
("19", 'San Francisco'),
("20", 'María Paz'),
("21", 'Los Molinos'),
("22", 'Santa Isabel'),
("23", 'Cabrera'),
("24", 'San Pedro'),
("25", 'Sierra Morena'),
("26", 'Miramar'),
("27", 'Montevideo'),
("28", 'Alto de las Palmas'),
("29", 'Centro Histórico'),
("30", 'Rincón del Chicó'),
("31", 'Caminos del Litoral'),
("32", 'Las Ferias'),
("33", 'El Chicó'),
("34", 'Zona Rosa'),
("35", 'El Progreso'),
("36", 'El Trébol'),
("37", 'Palmetto'),
("38", 'Santa Teresita'),
("39", 'Los Pinos'),
("40", 'Puente Largo'),
("41", 'Las Brisas'),
("42", 'Los Alpes'),
("43", 'Campestre'),
("44", 'El Country'),
("45", 'La Hacienda');


INSERT INTO mascotas_db.administradores (id_usuario, cargo, fecha_ingreso) VALUES
("46", 'Director General', '2024-01-15'),
("47", 'Jefe de Operaciones', '2024-02-20'),
("48", 'Encargado de Finanzas', '2024-03-10'),
("49", 'Coordinador de Marketing', '2024-04-25'),
("50", 'Administrador de IT', '2024-05-30');


INSERT INTO mascotas_db.veterinarios (id_usuario, especialidad, horario) VALUES
("3", 'Cirugía', '08:00-17:00'),
("5", 'Medicina Interna', '09:00-18:00'),
("11", 'Dermatología', '10:00-19:00'),
("12", 'Odontología', '11:00-20:00'),
("13", 'Oncología', '12:00-21:00'),
("14", 'Cardiología', '08:00-16:00'),
("15", 'Traumatología', '09:00-17:00'),
("16", 'Neurología', '10:00-18:00'),
("17", 'Endocrinología', '08:00-14:00'),
("18", 'Anestesiología', '11:00-19:00');


INSERT INTO mascotas_db.mascotas (id, nombre, especie, raza, edad, peso, id_propietario, sexo) VALUES
("1", 'Firulais', 'Perro', 'Labrador', 3.5, 25.3, "1", 'M'),
("2", 'Michi', 'Gato', 'Siamés', 2.7, 4.2, "2", 'F'),
("3", 'Toby', 'Perro', 'Golden Retriever', 4.1, 30.5, "4", 'M'),
("4", 'Luna', 'Gato', 'Persa', 1.9, 3.1, "4", 'F'),
("5", 'Rex', 'Perro', 'Pastor Alemán', 5.3, 35.0, "6", 'M'),
("6", 'Bella', 'Gato', 'Bengala', 2.3, 3.5, "6", 'F'),
("7", 'Max', 'Perro', 'Bulldog', 4.4, 28.2, "7", 'M'),
("8", 'Nala', 'Gato', 'Angora', 3.0, 3.8, "8", 'F'),
("9", 'Rocky', 'Perro', 'Boxer', 3.6, 26.4, "9", 'M'),
("10", 'Daisy', 'Gato', 'Siberiano', 2.8, 4.0, "10", 'F'),
("11", 'Buddy', 'Perro', 'Beagle', 3.2, 20.1, "11", 'M'),
("12", 'Coco', 'Gato', 'Manx', 2.1, 4.3, "12", 'F'),
("13", 'Chispa', 'Perro', 'Cocker Spaniel', 4.5, 24.6, "13", 'F'),
("14", 'Simba', 'Gato', 'Maine Coon', 3.9, 6.5, "14", 'M'),
("15", 'Kira', 'Perro', 'Husky Siberiano', 5.0, 30.2, "15", 'F'),
("16", 'Leo', 'Gato', 'Exótico', 2.6, 4.7, "16", 'M'),
("17", 'Bruno', 'Perro', 'Rottweiler', 4.8, 45.0, "17", 'M'),
("18", 'Maya', 'Gato', 'Scottish Fold', 2.4, 3.9, "18", 'F'),
("19", 'Thor', 'Perro', 'Doberman', 3.3, 40.0, "19", 'M'),
("20", 'Lily', 'Gato', 'British Shorthair', 1.7, 4.1, "20", 'F'),
("21", 'Duke', 'Perro', 'Dálmata', 4.0, 27.8, "21", 'M'),
("22", 'Olivia', 'Gato', 'Ragdoll', 3.5, 5.2, "22", 'F'),
("23", 'Charlie', 'Perro', 'Chihuahua', 2.9, 3.2, "23", 'M'),
("24", 'Zoe', 'Gato', 'Birmano', 2.0, 4.4, "24", 'F'),
("25", 'Sam', 'Perro', 'Schnauzer', 4.2, 15.6, "25", 'M'),
("26", 'Mila', 'Gato', 'Himalayo', 3.1, 4.0, "26", 'F'),
("27", 'Oso', 'Perro', 'San Bernardo', 5.6, 50.5, "27", 'M'),
("28", 'Chloe', 'Gato', 'Abisinio', 2.2, 3.7, "28", 'F'),
("29", 'Rufus', 'Perro', 'Terrier', 3.7, 10.8, "29", 'M'),
("30", 'Molly', 'Gato', 'Americano de Pelo Corto', 1.8, 4.6, "30", 'F');

INSERT INTO mascotas_db.productos (id, nombre, descripcion, precio, stock) VALUES
("1", 'Collar Antipulgas', 'Collar para perros y gatos que repele pulgas y garrapatas', 12.99, 150),
("2", 'Alimento Seco para Perro', 'Alimento seco balanceado para perros adultos', 45.50, 80),
("3", 'Juguete de Goma', 'Juguete resistente para perros', 8.75, 200),
("4", 'Arena para Gatos', 'Arena absorbente para gatos', 10.30, 120),
("5", 'Alimento Húmedo para Gato', 'Alimento húmedo enlatado para gatos adultos', 1.99, 300),
("6", 'Transportadora para Mascotas', 'Caja transportadora para mascotas de tamaño mediano', 25.99, 50),
("7", 'Cepillo de Cerdas Suaves', 'Cepillo para el pelaje de perros y gatos', 7.50, 90),
("8", 'Champú para Perros', 'Champú suave para perros con piel sensible', 13.20, 70),
("9", 'Rascador para Gatos', 'Rascador de cartón para gatos', 18.90, 60),
("10", 'Cama para Perros', 'Cama acolchada para perros de tamaño grande', 35.75, 40),
("11", 'Correa Retráctil', 'Correa retráctil de 5 metros para perros', 14.50, 110),
("12", 'Alimento Seco para Gato', 'Alimento seco premium para gatos adultos', 30.00, 100),
("13", 'Galletas para Perros', 'Galletas crujientes para entrenamiento de perros', 5.99, 250),
("14", 'Juguete Interactivo para Gatos', 'Juguete con plumas y campanas para gatos', 9.99, 140),
("15", 'Antiparasitario Interno', 'Antiparasitario interno en tabletas para perros', 22.50, 130),
("16", 'Cepillo Dental para Mascotas', 'Cepillo dental doble para perros y gatos', 4.75, 180),
("17", 'Spray Repelente de Pulgas', 'Spray repelente de pulgas para el hogar y mascotas', 15.99, 70),
("18", 'Comedero Antiderrame', 'Comedero antiderrame para perros y gatos', 12.49, 85),
("19", 'Arenero para Gatos', 'Arenero con cubierta para gatos', 28.99, 65),
("20", 'Ropa para Perros', 'Abrigo para perros pequeños', 20.00, 55);

INSERT INTO mascotas_db.servicios (id, nombre, descripcion, precio) VALUES
("1", 'Consulta Veterinaria General', 'Consulta médica general para mascotas', 50.00),
("2", 'Vacunación', 'Aplicación de vacunas esenciales para perros y gatos', 25.00),
("3", 'Desparasitación', 'Tratamiento para la eliminación de parásitos internos y externos', 30.00),
("4", 'Limpieza Dental', 'Limpieza dental para prevenir problemas bucales en mascotas', 70.00),
("5", 'Baño y Corte de Pelo', 'Servicio completo de baño y corte de pelo para mascotas', 40.00),
("6", 'Cirugía Menor', 'Procedimientos quirúrgicos menores para mascotas', 200.00),
("7", 'Consulta de Emergencia', 'Atención médica de emergencia para mascotas', 100.00),
("8", 'Radiografía', 'Radiografía para diagnóstico de problemas internos en mascotas', 80.00),
("9", 'Esterilización/Castración', 'Procedimiento quirúrgico para esterilizar o castrar mascotas', 150.00),
("10", 'Terapia Física', 'Sesiones de terapia física para la rehabilitación de mascotas', 60.00);


INSERT INTO mascotas_db.historiales_medicos (id, fecha, descripcion, tratamiento, id_veterinario, id_mascota) VALUES
(1, '2023-01-15', 'Consulta por tos persistente y fiebre.', 'Tratamiento con antibióticos durante 7 días.', 3, 5),
(2, '2023-02-10', 'Revisión rutinaria. Vacunación contra la rabia.', 'Vacuna administrada. Revisión en 1 año.', 3, 10),
(3, '2023-03-05', 'Infección en la piel debido a alergias.', 'Crema antibiótica y cambio de dieta.', 3, 15),
(4, '2023-04-12', 'Chequeo general y limpieza dental.', 'Limpieza dental completa. Todo en orden.', 5, 20),
(5, '2023-05-23', 'Fractura en la pata derecha.', 'Inmovilización y seguimiento cada 2 semanas.', 5, 25),
(6, '2023-06-08', 'Diarrea y vómitos frecuentes.', 'Dieta especial y medicación durante 5 días.', 11, 30),
(7, '2023-07-19', 'Revisión postoperatoria de castración.', 'Herida sana. Revisión en 1 semana.', 11, 27),
(8, '2023-08-11', 'Otitis en oído izquierdo.', 'Limpieza y gotas antibióticas durante 10 días.', 11, 26),
(9, '2023-09-02', 'Pérdida de apetito y decaimiento.', 'Análisis de sangre y vitaminas.', 14, 6),
(10, '2023-10-15', 'Chequeo general. Desparasitación interna.', 'Pastilla desparasitante administrada. Revisión en 6 meses.', 15, 12);

INSERT INTO mascotas_db.citas (id, fecha, hora, servicio, veterinario, mascota, estado) VALUES
('C001', '2024-09-25', '09:00:00', '1', '3', '1', 'Pendiente'),   -- Consulta Veterinaria General, Firulais
('C002', '2024-09-26', '10:00:00', '2', '5', '2', 'En espera'),    -- Vacunación, Michi
('C003', '2024-09-27', '11:00:00', '3', '11', '3', 'Cancelada'),   -- Desparasitación, Toby
('C004', '2024-09-28', '12:00:00', '4', '12', '4', 'Rechazada'),   -- Limpieza Dental, Luna
('C005', '2024-09-29', '13:00:00', '5', '13', '5', 'Realizada'),    -- Baño y Corte de Pelo, Rex
('C006', '2024-09-30', '14:00:00', '1', '14', '6', 'Pendiente'),    -- Consulta Veterinaria General, Bella
('C007', '2024-10-01', '15:00:00', '2', '15', '7', 'En espera'),    -- Vacunación, Max
('C008', '2024-10-02', '16:00:00', '3', '16', '8', 'Cancelada'),    -- Desparasitación, Nala
('C009', '2024-10-03', '17:00:00', '4', '17', '9', 'Rechazada'),    -- Limpieza Dental, Rocky
('C010', '2024-10-04', '18:00:00', '5', '18', '10', 'Realizada'),    -- Baño y Corte de Pelo, Daisy
('C011', '2024-10-05', '09:30:00', '1', '3', '11', 'Pendiente'),     -- Consulta Veterinaria General, Buddy
('C012', '2024-10-06', '10:30:00', '2', '5', '12', 'En espera'),     -- Vacunación, Coco
('C013', '2024-10-07', '11:30:00', '3', '11', '13', 'Cancelada'),    -- Desparasitación, Chispa
('C014', '2024-10-08', '12:30:00', '4', '12', '14', 'Rechazada'),    -- Limpieza Dental, Simba
('C015', '2024-10-09', '13:30:00', '5', '13', '15', 'Realizada'),     -- Baño y Corte de Pelo, Kira
('C016', '2024-10-10', '14:30:00', '1', '14', '16', 'Pendiente'),     -- Consulta Veterinaria General, Leo
('C017', '2024-10-11', '15:30:00', '2', '15', '17', 'En espera'),     -- Vacunación, Bruno
('C018', '2024-10-12', '16:30:00', '3', '16', '18', 'Cancelada'),     -- Desparasitación, Maya
('C019', '2024-10-13', '17:30:00', '4', '17', '19', 'Rechazada'),     -- Limpieza Dental, Thor
('C020', '2024-10-14', '18:30:00', '5', '18', '20', 'Realizada');      -- Baño y Corte de Pelo, Lily

