INSERT INTO mascotas_db.usuarios (id_usuario, nombre, apellido, ciudad, direccion, telefono, es_propietario, es_veterinario, es_administrador, email, contrasenna) VALUES
(1, 'Juan', 'Pérez', 'Bogotá', 'Calle 123', '1234567890', 1, 0, 0, 'juan.perez@example.com', 'password1'),
(2, 'Ana', 'García', 'Medellín', 'Avenida 456', '2345678901', 1, 0, 0, 'ana.garcia@example.com', 'password2'),
(3, 'Luis', 'Rodríguez', 'Cali', 'Carrera 789', '3456789012', 0, 1, 0, 'luis.rodriguez@example.com', 'password3'),
(4, 'Maria', 'Lopez', 'Barranquilla', 'Calle 101', '4567890123', 1, 0, 0, 'maria.lopez@example.com', 'password4'),
(5, 'Carlos', 'Martínez', 'Cartagena', 'Avenida 202', '5678901234', 0, 1, 0, 'carlos.martinez@example.com', 'password5'),
(6, 'Sofia', 'Sánchez', 'Bucaramanga', 'Calle 303', '6789012345', 1, 0, 0, 'sofia.sanchez@example.com', 'password6'),
(7, 'Cristian', 'Arrieta', 'Romero', 'Carrera 404', '7890123456', 1, 0, 0, 'cristianarrieta@example.com', 'password7'),
(8, 'Laura', 'Gómez', 'Santa Marta', 'Calle 505', '8901234567', 0, 1, 0, 'laura.gomez@example.com', 'password8'),
(9, 'Andrés', 'Mora', 'Ibagué', 'Avenida 606', '9012345678', 1, 0, 0, 'andres.mora@example.com', 'password9'),
(10, 'Catalina', 'Morales', 'Neiva', 'Calle 707', '0123456789', 1, 0, 0, 'catalina.morales@example.com', 'password10'),
(11, 'Daniel', 'Jiménez', 'Manizales', 'Carrera 808', '1234567890', 0, 1, 0, 'daniel.jimenez@example.com', 'password11'),
(12, 'Camila', 'Reyes', 'Cúcuta', 'Avenida 909', '2345678901', 1, 0, 0, 'camila.reyes@example.com', 'password12'),
(13, 'Alejandro', 'Ríos', 'Sincelejo', 'Calle 1010', '3456789012', 1, 0, 0, 'alejandro.rios@example.com', 'password13'),
(14, 'Valentina', 'Salazar', 'Riohacha', 'Carrera 1111', '4567890123', 1, 0, 0, 'valentina.salazar@example.com', 'password14'),
(15, 'Felipe', 'García', 'Tuluá', 'Avenida 1212', '5678901234', 0, 1, 0, 'felipe.garcia@example.com', 'password15'),
(16, 'Isabella', 'Castro', 'Pasto', 'Calle 1313', '6789012345', 1, 0, 0, 'isabella.castro@example.com', 'password16'),
(17, 'Sebastián', 'Cruz', 'Tunja', 'Carrera 1414', '7890123456', 1, 0, 0, 'sebastian.cruz@example.com', 'password17'),
(18, 'Natalia', 'Vásquez', 'Palmira', 'Avenida 1515', '8901234567', 0, 1, 0, 'natalia.vasquez@example.com', 'password18'),
(19, 'Javier', 'Cordero', 'Villavicencio', 'Calle 1616', '9012345678', 1, 0, 0, 'javier.cordero@example.com', 'password19'),
(20, 'Santiago', 'López', 'Neiva', 'Carrera 1717', '0123456789', 1, 0, 0, 'santiago.lopez@example.com', 'password20'),
(21, 'Daniela', 'Caro', 'Popayán', 'Avenida 1818', '1234567890', 0, 1, 0, 'daniela.caro@example.com', 'password21'),
(22, 'Tomás', 'Arévalo', 'Chiquinquirá', 'Calle 1919', '2345678901', 1, 0, 0, 'tomas.arevalo@example.com', 'password22'),
(23, 'Laura', 'Pinzón', 'Giron', 'Carrera 2020', '3456789012', 1, 0, 0, 'laura.pinzón@example.com', 'password23'),
(24, 'José', 'Chaves', 'Sogamoso', 'Avenida 2121', '4567890123', 1, 0, 0, 'jose.chaves@example.com', 'password24'),
(25, 'Juliana', 'Ortíz', 'La Dorada', 'Calle 2222', '5678901234', 0, 1, 0, 'juliana.ortíz@example.com', 'password25'),
(26, 'Juan Pablo', 'Mendoza', 'Quibdó', 'Carrera 2323', '6789012345', 1, 0, 0, 'juan.pablo.mendoza@example.com', 'password26'),
(27, 'Gabriela', 'García', 'El Bagre', 'Avenida 2424', '7890123456', 1, 0, 0, 'gabriela.garcia@example.com', 'password27'),
(28, 'Ricardo', 'Márquez', 'Guatapé', 'Calle 2525', '8901234567', 0, 1, 0, 'ricardo.marquez@example.com', 'password28'),
(29, 'Sofía', 'Torres', 'Pitalito', 'Carrera 2626', '9012345678', 1, 0, 0, 'sofia.torres@example.com', 'password29'),
(30, 'Alejandra', 'Medina', 'Aguachica', 'Avenida 2727', '0123456789', 1, 0, 0, 'alejandra.medina@example.com', 'password30'),
(31, 'David', 'Montoya', 'La Unión', 'Calle 2828', '1234567890', 0, 1, 0, 'david.montoya@example.com', 'password31'),
(32, 'Claudia', 'Ramírez', 'Yopal', 'Carrera 2929', '2345678901', 1, 0, 0, 'claudia.ramírez@example.com', 'password32'),
(33, 'Héctor', 'Arias', 'San Gil', 'Avenida 3030', '3456789012', 1, 0, 0, 'hector.arias@example.com', 'password33'),
(34, 'Paola', 'Guzmán', 'Montería', 'Calle 3131', '4567890123', 1, 0, 0, 'paola.guzmán@example.com', 'password34'),
(35, 'Emilio', 'García', 'Bello', 'Carrera 3232', '5678901234', 0, 1, 0, 'emilio.garcia@example.com', 'password35'),
(36, 'Nina', 'López', 'Tumaco', 'Avenida 3333', '6789012345', 1, 0, 0, 'nina.lopez@example.com', 'password36'),
(37, 'Luis', 'Alvarado', 'Nariño', 'Calle 3434', '7890123456', 1, 0, 0, 'luis.alvarado@example.com', 'password37'),
(38, 'Daniela', 'Gómez', 'Chía', 'Carrera 3535', '8901234567', 0, 1, 0, 'daniela.gomez@example.com', 'password38'),
(39, 'Germán', 'Serrano', 'Tuluá', 'Avenida 3636', '9012345678', 1, 0, 0, 'german.serrano@example.com', 'password39'),
(40, 'Laura', 'García', 'Cali', 'Calle 3737', '0123456789', 1, 0, 0, 'laura.garcia@example.com', 'password40'),
(41, 'Carlos', 'Rivas', 'Armenia', 'Carrera 3838', '1234567890', 0, 1, 0, 'carlos.rivas@example.com', 'password41'),
(42, 'Julián', 'Pardo', 'Sabaneta', 'Avenida 3939', '2345678901', 1, 0, 0, 'julian.pardo@example.com', 'password42'),
(43, 'Ana María', 'García', 'Pereira', 'Calle 4040', '3456789012', 1, 0, 0, 'ana.maria.garcia@example.com', 'password43'),
(44, 'Miguel Ángel', 'Calle', 'Ibagué', 'Carrera 4141', '4567890123', 1, 0, 0, 'miguel.angel.calle@example.com', 'password44'),
(45, 'Esteban', 'Hurtado', 'Soacha', 'Avenida 4242', '5678901234', 0, 1, 0, 'esteban.hurtado@example.com', 'password45'),
(46, 'Martina', 'Pérez', 'Valledupar', 'Calle 4343', '6789012345', 1, 0, 0, 'martina.perez@example.com', 'password46'),
(47, 'Felipe', 'Salas', 'Montería', 'Avenida 4444', '7890123456', 1, 0, 0, 'felipe.salas@example.com', 'password47'),
(48, 'Valeria', 'Ortíz', 'La Pintada', 'Carrera 4545', '8901234567', 0, 1, 0, 'valeria.ortiz@example.com', 'password48'),
(49, 'Andrés', 'Morales', 'Chocontá', 'Calle 4646', '9012345678', 1, 0, 0, 'andres.morales@example.com', 'password49'),
(50, 'Natalia', 'Serrano', 'Leticia', 'Avenida 4747', '0123456789', 1, 0, 0, 'natalia.serrano@example.com', 'password50'),
(51, 'Jorge', 'Jiménez', 'Magangué', 'Carrera 4848', '1234567890', 0, 1, 0, 'jorge.jimenez@example.com', 'password51'),
(52, 'Camila', 'García', 'San Andrés', 'Calle 4949', '2345678901', 1, 0, 0, 'camila.garcia@example.com', 'password52'),
(53, 'Roberto', 'Núñez', 'Ríohacha', 'Avenida 5050', '3456789012', 1, 0, 0, 'roberto.nunez@example.com', 'password53'),
(54, 'Lucía', 'Valencia', 'Quibdó', 'Carrera 5151', '4567890123', 0, 1, 0, 'lucia.valencia@example.com', 'password54'),
(55, 'Sebastián', 'Rodríguez', 'Cúcuta', 'Calle 5252', '5678901234', 1, 0, 0, 'sebastian.rodriguez@example.com', 'password55'),
(56, 'Alejandra', 'Castro', 'Cali', 'Avenida 5353', '6789012345', 1, 0, 0, 'alejandra.castro@example.com', 'password56'),
(57, 'David', 'Serrano', 'Medellín', 'Carrera 5454', '7890123456', 0, 1, 0, 'david.serrano@example.com', 'password57'),
(58, 'Mariana', 'García', 'Cartagena', 'Calle 5555', '8901234567', 1, 0, 0, 'mariana.garcia@example.com', 'password58'),
(59, 'Daniel', 'Valdés', 'Bucaramanga', 'Avenida 5656', '9012345678', 1, 0, 0, 'daniel.valdes@example.com', 'password59'),
(60, 'Sandra', 'Mendoza', 'Pasto', 'Carrera 5757', '0123456789', 0, 1, 0, 'sandra.mendoza@example.com', 'password60');


SELECT * from mascotas_db.usuarios;

INSERT INTO mascotas_db.propietarios (id_usuario, barrio) VALUES
(1, 'Zona Norte'),
(2, 'Centro Histórico'),
(4, 'Sur de la Ciudad'),
(6, 'Bosa'),
(7, 'Chapinería'),
(8, 'El Centro'),
(9, 'Norte'),
(10, 'Las Delicias'),
(11, 'San Andrés'),
(12, 'La Floresta'),
(13, 'Belén'),
(14, 'El Poblado'),
(15, 'La Candelaria'),
(16, 'Malibú'),
(17, 'Vila de Leyva'),
(18, 'Vereda'),
(19, 'San Francisco'),
(20, 'María Paz'),
(21, 'Los Molinos'),
(22, 'Santa Isabel'),
(23, 'Cabrera'),
(24, 'San Pedro'),
(25, 'Sierra Morena'),
(26, 'Miramar'),
(27, 'Montevideo'),
(28, 'Alto de las Palmas'),
(29, 'Centro Histórico'),
(30, 'Rincón del Chicó'),
(31, 'Caminos del Litoral'),
(32, 'Las Ferias'),
(33, 'El Chicó'),
(34, 'Zona Rosa'),
(35, 'El Progreso'),
(36, 'El Trébol'),
(37, 'Palmetto'),
(38, 'Santa Teresita'),
(39, 'Los Pinos'),
(40, 'Puente Largo'),
(41, 'Las Brisas'),
(42, 'Los Alpes'),
(43, 'Campestre'),
(44, 'El Country'),
(45, 'La Hacienda');


INSERT INTO mascotas_db.administradores (id_usuario, cargo, fecha_ingreso) VALUES
(46, 'Director General', '2024-01-15'),
(47, 'Jefe de Operaciones', '2024-02-20'),
(48, 'Encargado de Finanzas', '2024-03-10'),
(49, 'Coordinador de Marketing', '2024-04-25'),
(50, 'Administrador de IT', '2024-05-30');


INSERT INTO mascotas_db.veterinarios (id_usuario, especialidad, horario) VALUES
(3, 'Cirugía', '08:00-17:00'),
(5, 'Medicina Interna', '09:00-18:00'),
(11, 'Dermatología', '10:00-19:00'),
(12, 'Odontología', '11:00-20:00'),
(13, 'Oncología', '12:00-21:00'),
(14, 'Cardiología', '08:00-16:00'),
(15, 'Traumatología', '09:00-17:00'),
(16, 'Neurología', '10:00-18:00'),
(17, 'Endocrinología', '08:00-14:00'),
(18, 'Anestesiología', '11:00-19:00');


INSERT INTO mascotas_db.mascotas (id, nombre, especie, raza, edad, peso, id_propietario, sexo) VALUES
(1, 'Firulais', 'Perro', 'Labrador', 3.5, 25.3, 1, 'M'),
(2, 'Michi', 'Gato', 'Siamés', 2.7, 4.2, 2, 'F'),
(3, 'Toby', 'Perro', 'Golden Retriever', 4.1, 30.5, 4, 'M'),
(4, 'Luna', 'Gato', 'Persa', 1.9, 3.1, 4, 'F'),
(5, 'Rex', 'Perro', 'Pastor Alemán', 5.3, 35.0, 6, 'M'),
(6, 'Bella', 'Gato', 'Bengala', 2.3, 3.5, 6, 'F'),
(7, 'Max', 'Perro', 'Bulldog', 4.4, 28.2, 7, 'M'),
(8, 'Nala', 'Gato', 'Angora', 3.0, 3.8, 8, 'F'),
(9, 'Rocky', 'Perro', 'Boxer', 3.6, 26.4, 9, 'M'),
(10, 'Daisy', 'Gato', 'Siberiano', 2.8, 4.0, 10, 'F'),
(11, 'Buddy', 'Perro', 'Beagle', 3.2, 20.1, 11, 'M'),
(12, 'Coco', 'Gato', 'Manx', 2.1, 4.3, 12, 'F'),
(13, 'Chispa', 'Perro', 'Cocker Spaniel', 4.5, 24.6, 13, 'F'),
(14, 'Simba', 'Gato', 'Maine Coon', 3.9, 6.5, 14, 'M'),
(15, 'Kira', 'Perro', 'Husky Siberiano', 5.0, 30.2, 15, 'F'),
(16, 'Leo', 'Gato', 'Exótico', 2.6, 4.7, 16, 'M'),
(17, 'Bruno', 'Perro', 'Rottweiler', 4.8, 45.0, 17, 'M'),
(18, 'Maya', 'Gato', 'Scottish Fold', 2.4, 3.9, 18, 'F'),
(19, 'Thor', 'Perro', 'Doberman', 3.3, 40.0, 19, 'M'),
(20, 'Lily', 'Gato', 'British Shorthair', 1.7, 4.1, 20, 'F'),
(21, 'Duke', 'Perro', 'Dálmata', 4.0, 27.8, 21, 'M'),
(22, 'Olivia', 'Gato', 'Ragdoll', 3.5, 5.2, 22, 'F'),
(23, 'Charlie', 'Perro', 'Chihuahua', 2.9, 3.2, 23, 'M'),
(24, 'Zoe', 'Gato', 'Birmano', 2.0, 4.4, 24, 'F'),
(25, 'Sam', 'Perro', 'Schnauzer', 4.2, 15.6, 25, 'M'),
(26, 'Mila', 'Gato', 'Himalayo', 3.1, 4.0, 26, 'F'),
(27, 'Oso', 'Perro', 'San Bernardo', 5.6, 50.5, 27, 'M'),
(28, 'Chloe', 'Gato', 'Abisinio', 2.2, 3.7, 28, 'F'),
(29, 'Rufus', 'Perro', 'Terrier', 3.7, 10.8, 29, 'M'),
(30, 'Molly', 'Gato', 'Americano de Pelo Corto', 1.8, 4.6, 30, 'F');


